[
  {
    "name": "TestFirma",
    "department": "IT",
    "password": "12345678",
    "hashpassword": "$2b$10$cf7ghduhWIWvsKqMegAQpuTABJMpeS2qsxbbkDGfWg.B97Rrp.5LS"
  },
  {
    "name": "NeueFirma",
    "department": "Verkauf",
    "password": "SicheresPassword123",
    "hashpassword": "$2b$10$8T9f7RyTM73Ad4/bSDsJ2.4AEeP5U9lgGChPVKs3igjeAT5Z2e43O"
  },
  {
    "name": "SVG Hamburg eG",
    "department": "Arbeitssicherheit",
    "password": "#Dan67niel!Helix",
    "hashpassword": "$2b$10$K28BivOsY4XOgjj0NDPD4.5WINhpJE1aD.EzvFdaLb6WyFo.nqr82"
  }
]